"Rule","MatchType","Reason","Publisher","Active","Source","AddedOn","AddedBy","Serial"
"3D Viewer","Name","Base image","Microsoft","Yes","carried-over","2026-08-26","",""
"Absolute Secure Access Client","Name","Base image","Absolute Software","Yes","image-intersection","2026-08-26","",""
"Adobe Creative Cloud","Name","Base image","Adobe Systems","Yes","image-intersection","2026-08-26","",""
"BitLocker Drive Encryption","Name","Base image","Microsoft","Yes","image-intersection","2026-08-26","",""
"Calculator","Name","Base image","Microsoft","Yes","image-intersection","2026-08-26","",""
"Camera","Name","Base image","Microsoft","Yes","carried-over","2026-08-26","",""
"Clock","Name","Base image","Microsoft","Yes","image-intersection","2026-08-26","",""
"Company Portal","Name","Base image","Microsoft","Yes","image-intersection","2026-08-26","",""
"Configuration Manager Client","Name","Base image","Microsoft","Yes","image-intersection","2026-08-26","",""
"Copilot","Name","Base image","Microsoft","Yes","image-intersection","2026-08-26","",""
"Cortana","Name","Base image","Microsoft","Yes","hand-review","2026-08-26","",""
"CyberArk Endpoint Privilege Manager Agent","Name","Base image","CyberArk Software","Yes","image-intersection","2026-08-26","",""
"Dell Command | Update","Name","Base image","Dell","Yes","image-intersection","2026-08-26","",""
"Dell Core Services","Name","Base image","Dell","Yes","image-intersection","2026-08-26","",""
"Dell Optimizer","Name","Base image","Dell Technologies","Yes","image-intersection","2026-08-26","",""
"Dell Pair","Name","Base image","Dell","Yes","image-intersection","2026-08-26","",""
"Dell SupportAssist","Name","Base image","Dell","Yes","image-intersection","2026-08-26","",""
"Dell SupportAssist OS Recovery Plugin for Dell Update","Name","Base image","Dell","Yes","image-intersection","2026-08-26","",""
"Dell SupportAssist Remediation","Name","Base image","Dell","Yes","image-intersection","2026-08-26","",""
"Dell Trusted Device","Name","Base image","Dell Technologies","Yes","hand-review-1of2","2026-08-26","",""
"Dev Home","Name","Base image","Microsoft","Yes","image-intersection","2026-08-26","",""
"Family","Name","Base image","Microsoft","Yes","image-intersection","2026-08-26","",""
"Feedback Hub","Name","Base image","Microsoft","Yes","hand-review-1of2","2026-08-26","",""
"Get Help","Name","Base image","Microsoft","Yes","image-intersection","2026-08-26","",""
"Google Chrome","Name","Base image","Google","Yes","image-intersection","2026-08-26","",""
"Intel Graphics Software","Name","Base image","Intel","Yes","image-intersection","2026-08-26","",""
"Intel Graphics Software & Drivers","Name","Base image","Intel","Yes","image-intersection","2026-08-26","",""
"Intel Management and Security Status","Name","Base image","INTEL","Yes","image-intersection","2026-08-26","",""
"Intel Rapid Storage Technology Application","Name","Base image","INTEL","Yes","image-intersection","2026-08-26","",""
"Local Administrator Password Solution","Name","Base image","Microsoft","Yes","image-intersection","2026-08-26","",""
"Maps","Name","Base image","Microsoft","Yes","carried-over","2026-08-26","",""
"MDOP MBAM","Name","Base image","Microsoft","Yes","hand-review","2026-08-26","",""
"Messaging","Name","Base image","Microsoft","Yes","hand-review","2026-08-26","",""
"Microsoft 365","Name","Base image","Microsoft","Yes","image-intersection","2026-08-26","",""
"Microsoft 365 Apps for enterprise - en-us","Name","Base image","Microsoft","Yes","carried-over","2026-08-26","",""
"Microsoft 365 Copilot","Name","Base image","Microsoft","Yes","carried-over","2026-08-26","",""
"Microsoft ASP.NET Core 8.0 (x64)","Name","Base image","Microsoft","Yes","image-intersection","2026-08-26","",""
"Microsoft Clipchamp","Name","Base image","Microsoft","Yes","image-intersection","2026-08-26","",""
"Microsoft Defender ATP","Name","Base image","Microsoft","Yes","image-intersection","2026-08-26","",""
"Microsoft Edge","Name","Base image","Microsoft","Yes","image-intersection","2026-08-26","",""
"Microsoft Intune","Name","Base image","Microsoft","Yes","image-intersection","2026-08-26","",""
"Microsoft Intune Management Extension","Name","Base image","Microsoft","Yes","image-intersection","2026-08-26","",""
"Microsoft OneDrive","Name","Base image","Microsoft","Yes","image-intersection","2026-08-26","",""
"Microsoft OneNote","Name","Base image","Microsoft","Yes","image-intersection","2026-08-26","",""
"Microsoft SQL Server","Name","Base image","Microsoft","Yes","image-intersection","2026-08-26","",""
"Microsoft Store","Name","Base image","Microsoft","Yes","carried-over","2026-08-26","",""
"Microsoft Teams","Name","Base image","Microsoft","Yes","image-intersection","2026-08-26","",""
"Microsoft Teams Meeting Add-in for Microsoft Office","Name","Base image","Microsoft","Yes","carried-over","2026-08-26","",""
"Microsoft Visual C++ 2015-2022 Redistributable (x64)","Name","Base image","Microsoft","Yes","image-intersection","2026-08-26","",""
"Microsoft Visual C++ 2015-2022 Redistributable (x86)","Name","Base image","Microsoft","Yes","image-intersection","2026-08-26","",""
"Microsoft Windows Desktop Runtime","Name","Base image","Microsoft","Yes","image-intersection","2026-08-26","",""
"Mobile Plans","Name","Base image","Microsoft","Yes","hand-review","2026-08-26","",""
"MPEG-2 Video Extension","Name","Base image","Microsoft","Yes","hand-review","2026-08-26","",""
"News","Name","Base image","Microsoft","Yes","image-intersection","2026-08-26","",""
"Notepad","Name","Base image","Microsoft","Yes","image-intersection","2026-08-26","",""
"OneDrive","Name","Base image","Microsoft","Yes","name-variant","2026-08-26","",""
"OneNote for Windows 10","Name","Base image","Microsoft","Yes","carried-over","2026-08-26","",""
"Outlook","Name","Base image","Microsoft","Yes","image-intersection","2026-08-26","",""
"Paint","Name","Base image","Microsoft","Yes","image-intersection","2026-08-26","",""
"Paint 3D","Name","Base image","Microsoft","Yes","carried-over","2026-08-26","",""
"People","Name","Base image","Microsoft","Yes","hand-review","2026-08-26","",""
"Photos","Name","Base image","Microsoft","Yes","image-intersection","2026-08-26","",""
"Power Automate Desktop","Name","Base image","Microsoft","Yes","image-intersection","2026-08-26","",""
"Printer Installer Client","Name","Base image","PrinterLogic","Yes","image-intersection","2026-08-26","",""
"Quick Assist","Name","Base image","Microsoft","Yes","image-intersection","2026-08-26","",""
"Realtek Audio Driver","Name","Base image","Realtek Semiconductor","Yes","image-intersection","2026-08-26","",""
"Snipping Tool","Name","Base image","Microsoft","Yes","image-intersection","2026-08-26","",""
"Sound Recorder","Name","Base image","Microsoft","Yes","image-intersection","2026-08-26","",""
"Sticky Notes","Name","Base image","Microsoft","Yes","image-intersection","2026-08-26","",""
"Tanium Client","Name","Base image","Tanium","Yes","image-intersection","2026-08-26","",""
"Teams Machine-Wide Installer","Name","Base image","Microsoft","Yes","carried-over","2026-08-26","",""
"Terminal","Name","Base image","Microsoft","Yes","image-intersection","2026-08-26","",""
"Terugvoer-spil","Name","Base image","Microsoft","Yes","hand-review-1of2","2026-08-26","",""
"To Do","Name","Base image","Microsoft","Yes","image-intersection","2026-08-26","",""
"Weather","Name","Base image","Microsoft","Yes","image-intersection","2026-08-26","",""
"Windows Camera","Name","Base image","Microsoft","Yes","image-intersection","2026-08-26","",""
"Windows Defender","Name","Base image","Microsoft","Yes","image-intersection","2026-08-26","",""
"Windows Defender Advanced Threat Protection Service","Name","Base image","Microsoft","Yes","image-intersection","2026-08-26","",""
"Windows Security","Name","Base image","Microsoft","Yes","image-intersection","2026-08-26","",""
"Windows Store","Name","Base image","Microsoft","Yes","image-intersection","2026-08-26","",""
"Windows Update","Name","Base image","Microsoft","Yes","image-intersection","2026-08-26","",""
"Xbox","Name","Base image","Microsoft","Yes","image-intersection","2026-08-26","",""
"Intel","Publisher","Driver / OEM","","Yes","builtin","2026-09-08","",""
"Realtek","Publisher","Driver / OEM","","Yes","builtin","2026-09-08","",""
"Dell","Publisher","Driver / OEM","","Yes","builtin","2026-09-08","",""
"NVIDIA","Publisher","Driver / OEM","","Yes","builtin","2026-09-08","",""
"Advanced Micro Devices","Publisher","Driver / OEM","","Yes","builtin","2026-09-08","",""
"AMD","Publisher","Driver / OEM","","Yes","builtin","2026-09-08","",""
"Synaptics","Publisher","Driver / OEM","","Yes","builtin","2026-09-08","",""
"Conexant","Publisher","Driver / OEM","","Yes","builtin","2026-09-08","",""
"Broadcom","Publisher","Driver / OEM","","Yes","builtin","2026-09-08","",""
"Qualcomm","Publisher","Driver / OEM","","Yes","builtin","2026-09-08","",""
"ELAN","Publisher","Driver / OEM","","Yes","builtin","2026-09-08","",""
"Alps Electric","Publisher","Driver / OEM","","Yes","builtin","2026-09-08","",""
"Visual C\+\+","Pattern","Runtime / component","","Yes","builtin","2026-09-08","",""
"Redistributable","Pattern","Runtime / component","","Yes","builtin","2026-09-08","",""
"\.NET (Framework|Runtime|Core)","Pattern","Runtime / component","","Yes","builtin","2026-09-08","",""
"Runtime","Pattern","Runtime / component","","Yes","builtin","2026-09-08","",""
"Driver","Pattern","Runtime / component","","Yes","builtin","2026-09-08","",""
"WebView2","Pattern","Runtime / component","","Yes","builtin","2026-09-08","",""
"Update Health Tools","Pattern","Runtime / component","","Yes","builtin","2026-09-08","",""
"Windows (SDK|Assessment)","Pattern","Runtime / component","","Yes","builtin","2026-09-08","",""
"Microsoft Edge (Update|WebView)","Pattern","Runtime / component","","Yes","builtin","2026-09-08","",""
"Management Engine","Pattern","Runtime / component","","Yes","builtin","2026-09-08","",""
"Chipset","Pattern","Runtime / component","","Yes","builtin","2026-09-08","",""
"Firmware","Pattern","Runtime / component","","Yes","builtin","2026-09-08","",""
"Notification Manager for Adobe","Pattern","Runtime / component","","Yes","builtin","2026-09-08","",""
"GoTo Opener","Pattern","Runtime / component","","Yes","builtin","2026-09-08","",""
"Game Bar","Name","Base image","Microsoft","Yes","hand-review","2026-09-22","",""
"Mail","Name","Base image","Microsoft","Yes","hand-review","2026-09-22","",""
"Media Player","Name","Base image","Microsoft","Yes","hand-review","2026-09-22","",""
"Movies & TV","Name","Base image","Microsoft","Yes","hand-review","2026-09-22","",""
"Phone Link","Name","Base image","Microsoft","Yes","hand-review","2026-09-22","",""
"Skype","Name","Base image","Skype Technologies","Yes","hand-review","2026-09-22","",""
"Solitaire & Casual Games","Name","Base image","Microsoft","Yes","hand-review","2026-09-22","",""
"Tips","Name","Base image","Microsoft","Yes","hand-review","2026-09-22","",""
"Xbox Console Companion","Name","Base image","Microsoft","Yes","hand-review","2026-09-22","",""
"Xbox Live","Name","Base image","Microsoft","Yes","hand-review","2026-09-22","",""
"Mixed Reality Portal","Name","Base image","Microsoft","Yes","hand-review","2026-09-22","",""
"Remote Help","Name","Base image","Microsoft","Yes","hand-review","2026-09-22","",""
"Adobe Genuine Software Monitor Service","Name","Runtime / component","Adobe Systems","Yes","hand-review","2026-09-22","",""
